row_index,top_reasons
0,email_count_zscore=-18.8; role_email_count_zscore=-7.1; usb_events_count=7.0
101,role_after_hours_deviation=1.0; after_hours_flag=1.0; usb_events_count_zscore=4.0
113,session_duration_mins_zscore=-24.1; files_accessed_count_zscore=6.5; usb_events_count_zscore=4.4
119,usb_events_count_zscore=-10.9; session_duration_mins_zscore=-9.9; after_hours_flag=1.0
180,role_after_hours_deviation=1.0; after_hours_flag=1.0; role_files_accessed_count_zscore=5.9
314,email_count_zscore=-27.3; files_accessed_count=20.0; usb_events_count=8.0
534,role_email_count_zscore=5.6; role_after_hours_deviation=1.0; after_hours_flag=1.0
1074,files_accessed_count_zscore=27.0; session_duration_mins_zscore=34.1; usb_events_count_zscore=9.0
1132,session_duration_mins=981.2; email_ext_recipient_count=28.0; role_after_hours_deviation=1.0
1325,login_hour=20.0; role_after_hours_deviation=1.0; files_accessed_count=23.0
1343,session_duration_mins=1184.9; role_after_hours_deviation=1.0; role_session_duration_mins_zscore=3.9
1494,role_after_hours_deviation=1.0; after_hours_flag=1.0; role_files_accessed_count_zscore=4.4
1508,role_usb_events_count_zscore=5.6; after_hours_flag=1.0; role_after_hours_deviation=1.0
1987,role_after_hours_deviation=1.0; after_hours_flag=1.0; email_count_zscore=-8.3
2490,role_usb_events_count_zscore=11.9; usb_events_count_zscore=6.0; role_session_duration_mins_zscore=5.0
2507,role_session_duration_mins_zscore=4.2; session_duration_mins=1076.5; login_hour=0.0
3000,files_accessed_count=33.0; usb_events_count=12.0; after_hours_flag=1.0
3337,session_duration_mins_zscore=12.1; files_accessed_count=27.0; after_hours_flag=1.0
3512,role_after_hours_deviation=1.0; after_hours_flag=1.0; files_accessed_count=21.0
3984,role_usb_events_count_zscore=11.9; after_hours_flag=1.0; usb_events_count=9.0
4035,email_ext_recipient_count=54.0; email_count=36.0; unique_domains_visited=69.0
4039,email_ext_recipient_count=43.0; unique_domains_visited=74.0; email_count=27.0
4596,files_accessed_count_zscore=24.0; session_duration_mins_zscore=-61.3; role_files_accessed_count_zscore=7.5
4600,email_count_zscore=-26.4; role_after_hours_deviation=1.0; after_hours_flag=1.0
4649,login_hour=22.0; after_hours_flag=1.0; usb_events_count=7.0
5208,role_files_accessed_count_zscore=8.2; usb_events_count_zscore=5.3; after_hours_flag=1.0
5245,after_hours_flag=1.0; role_after_hours_deviation=1.0; role_usb_events_count_zscore=5.5
6020,after_hours_flag=1.0; role_after_hours_deviation=1.0; role_usb_events_count_zscore=5.5
6130,session_duration_mins=1015.7; role_after_hours_deviation=0.9; role_session_duration_mins_zscore=3.8
6182,files_accessed_count=20.0; role_after_hours_deviation=1.0; after_hours_flag=1.0
6264,usb_events_count=13.0; files_accessed_count=32.0; login_hour=20.0
6302,role_after_hours_deviation=1.0; after_hours_flag=1.0; files_accessed_count_zscore=4.6
6533,session_duration_mins=1146.8; role_session_duration_mins_zscore=4.7; files_accessed_count=27.0
6640,role_after_hours_deviation=1.0; after_hours_flag=1.0; usb_events_count=8.0
6698,role_after_hours_deviation=1.0; after_hours_flag=1.0; role_email_count_zscore=-6.4
6849,usb_events_count=13.0; files_accessed_count=31.0; login_hour=23.0
7197,usb_events_count=11.0; after_hours_flag=1.0; login_hour=2.0
7331,role_usb_events_count_zscore=5.6; after_hours_flag=1.0; usb_events_count=9.0
7555,role_after_hours_deviation=1.0; after_hours_flag=1.0; files_accessed_count=27.0
8032,after_hours_flag=1.0; role_after_hours_deviation=1.0; usb_events_count=9.0
8039,files_accessed_count=53.0; usb_events_count=13.0; login_hour=23.0
8579,files_accessed_count=26.0; after_hours_flag=1.0; login_hour=1.0
8946,files_accessed_count=42.0; usb_events_count=14.0; after_hours_flag=1.0
9057,files_accessed_count_zscore=-4.2; usb_events_count_zscore=-4.4; role_after_hours_deviation=1.0
9111,role_after_hours_deviation=1.0; after_hours_flag=1.0; usb_events_count=9.0
9195,files_accessed_count=27.0; role_email_count_zscore=-7.6; usb_events_count=8.0
9582,email_count_zscore=-25.9; files_accessed_count=22.0; role_email_count_zscore=-7.5
9715,unique_domains_visited=87.0; email_count=27.0; files_accessed_count=13.0
10166,files_accessed_count_zscore=7.0; after_hours_flag=1.0; role_after_hours_deviation=1.0
10400,usb_events_count_zscore=8.2; after_hours_flag=1.0; role_files_accessed_count_zscore=7.5
11170,after_hours_flag=1.0; role_after_hours_deviation=1.0; role_files_accessed_count_zscore=6.5
11456,role_usb_events_count_zscore=6.2; files_accessed_count=26.0; role_email_count_zscore=-7.0
11822,usb_events_count=13.0; files_accessed_count=30.0; login_hour=21.0
12410,usb_events_count=14.0; login_hour=23.0; after_hours_flag=1.0
12434,unique_domains_visited=81.0; email_count=25.0; files_accessed_count=13.0
12523,role_after_hours_deviation=1.0; after_hours_flag=1.0; role_usb_events_count_zscore=6.2
12714,role_email_count_zscore=-7.3; files_accessed_count=20.0; email_count_zscore=-10.5
12886,files_accessed_count=24.0; role_email_count_zscore=-7.6; email_count_zscore=-10.2
12962,role_after_hours_deviation=1.0; after_hours_flag=1.0; files_accessed_count=27.0
13281,role_usb_events_count_zscore=6.2; after_hours_flag=1.0; role_after_hours_deviation=1.0
13500,after_hours_flag=1.0; role_after_hours_deviation=1.0; files_accessed_count=24.0
13514,role_after_hours_deviation=1.0; after_hours_flag=1.0; login_hour=0.0
13668,unique_domains_visited=87.0; email_count=27.0; files_accessed_count=14.0
14250,files_accessed_count=51.0; usb_events_count=13.0; after_hours_flag=1.0
14445,email_count_zscore=-27.2; files_accessed_count=35.0; after_hours_flag=1.0
15177,after_hours_flag=1.0; role_after_hours_deviation=1.0; session_duration_mins=822.6
15516,role_after_hours_deviation=1.0; after_hours_flag=1.0; role_usb_events_count_zscore=4.9
15713,unique_domains_visited=80.0; email_ext_recipient_count=39.0; email_count=26.0
15864,role_after_hours_deviation=1.0; after_hours_flag=1.0; files_accessed_count=21.0
15957,role_after_hours_deviation=0.9; after_hours_flag=1.0; usb_events_count=9.0
16313,role_usb_events_count_zscore=6.2; role_after_hours_deviation=1.0; after_hours_flag=1.0
17444,session_duration_mins=1223.2; role_session_duration_mins_zscore=4.3; role_after_hours_deviation=1.0
17597,role_after_hours_deviation=1.0; after_hours_flag=1.0; files_accessed_count=27.0
17765,usb_events_count=10.0; after_hours_flag=1.0; login_hour=0.0
17875,session_duration_mins=1162.0; usb_events_count_zscore=6.2; files_accessed_count=26.0
17923,email_count_zscore=-28.5; session_duration_mins=8.1; after_hours_flag=1.0
17950,role_after_hours_deviation=1.0; session_duration_mins=18.6; after_hours_flag=1.0
18095,files_accessed_count_zscore=-4.4; usb_events_count=9.0; role_usb_events_count_zscore=4.2
18231,role_after_hours_deviation=-0.9; usb_events_count=10.0; files_accessed_count=13.0
18270,files_accessed_count=38.0; usb_events_count=13.0; login_hour=22.0
18507,files_accessed_count_zscore=10.8; after_hours_flag=1.0; usb_events_count_zscore=4.7
19000,email_count_zscore=-11.2; files_accessed_count=24.0; usb_events_count_zscore=-3.3
19039,email_count_zscore=-25.9; role_email_count_zscore=-7.2; files_accessed_count=24.0
19155,session_duration_mins=1045.2; role_after_hours_deviation=1.0; role_session_duration_mins_zscore=3.5
19535,files_accessed_count=36.0; usb_events_count=12.0; after_hours_flag=1.0
19579,files_accessed_count=22.0; role_after_hours_deviation=1.0; after_hours_flag=1.0
19602,session_duration_mins=1193.5; role_session_duration_mins_zscore=4.1; role_usb_events_count_zscore=5.5
19657,role_after_hours_deviation=1.0; after_hours_flag=1.0; files_accessed_count=21.0
20087,files_accessed_count=47.0; usb_events_count=12.0; after_hours_flag=1.0
20131,role_after_hours_deviation=1.0; after_hours_flag=1.0; files_accessed_count=25.0
20227,after_hours_flag=1.0; role_after_hours_deviation=1.0; login_hour=0.0
20486,role_files_accessed_count_zscore=8.5; files_accessed_count=27.0; role_email_count_zscore=-5.3
20833,session_duration_mins=989.1; after_hours_flag=1.0; role_session_duration_mins_zscore=3.6
21143,email_ext_recipient_count=44.0; email_count=28.0; session_duration_mins=67.8
21821,unique_domains_visited=90.0; email_ext_recipient_count=39.0; email_count=27.0
21878,usb_events_count=13.0; login_hour=23.0; files_accessed_count=29.0
22361,session_duration_mins=1445.8; role_session_duration_mins_zscore=6.2; role_after_hours_deviation=1.0
22417,after_hours_flag=1.0; role_usb_events_count_zscore=5.5; session_duration_mins=969.6
22523,role_email_count_zscore=5.6; role_after_hours_deviation=1.0; after_hours_flag=1.0
22593,usb_events_count=14.0; files_accessed_count=32.0; login_hour=22.0
22973,role_after_hours_deviation=1.0; after_hours_flag=1.0; login_hour=18.0
23169,files_accessed_count=30.0; after_hours_flag=1.0; usb_events_count=5.0
24799,files_accessed_count=25.0; role_after_hours_deviation=1.0; after_hours_flag=1.0
24886,role_after_hours_deviation=1.0; after_hours_flag=1.0; usb_events_count=8.0
25103,role_after_hours_deviation=1.0; after_hours_flag=1.0; role_usb_events_count_zscore=3.7
25187,files_accessed_count=27.0; email_count_zscore=-14.4; role_email_count_zscore=-6.0
25388,usb_events_count_zscore=-4.9; role_after_hours_deviation=1.0; files_accessed_count=21.0
25424,role_usb_events_count_zscore=5.5; after_hours_flag=1.0; role_after_hours_deviation=1.0
25439,role_after_hours_deviation=1.0; after_hours_flag=1.0; login_hour=18.0
25761,files_accessed_count=37.0; usb_events_count=11.0; after_hours_flag=1.0
26039,role_after_hours_deviation=1.0; after_hours_flag=1.0; role_files_accessed_count_zscore=2.6
26466,usb_events_count=13.0; after_hours_flag=1.0; files_accessed_count=27.0
26758,usb_events_count_zscore=-7.1; email_count_zscore=-19.2; role_after_hours_deviation=1.0
26770,files_accessed_count_zscore=-3.8; usb_events_count_zscore=-4.2; role_after_hours_deviation=1.0
26787,usb_events_count_zscore=-9.8; session_duration_mins=26.4; role_session_duration_mins_zscore=-3.9
27682,role_usb_events_count_zscore=8.9; role_email_count_zscore=3.0; usb_events_count=7.0
28022,role_after_hours_deviation=1.0; role_usb_events_count_zscore=5.6; after_hours_flag=1.0
28158,role_usb_events_count_zscore=6.9; usb_events_count=10.0; after_hours_flag=1.0
28533,files_accessed_count=27.0; role_email_count_zscore=-6.1; usb_events_count=8.0
29202,email_ext_recipient_count=38.0; unique_domains_visited=75.0; email_count=27.0
29532,session_duration_mins_zscore=26.2; role_after_hours_deviation=1.0; after_hours_flag=1.0
29928,after_hours_flag=1.0; role_after_hours_deviation=1.0; files_accessed_count=11.0
30848,role_session_duration_mins_zscore=4.0; session_duration_mins=978.5; role_files_accessed_count_zscore=6.0
31148,email_count_zscore=-39.5; after_hours_flag=1.0; login_hour=0.0
31164,email_count_zscore=-49.1; role_after_hours_deviation=1.0; after_hours_flag=1.0
31165,usb_events_count_zscore=-10.5; files_accessed_count_zscore=-6.8; role_after_hours_deviation=1.0
31166,email_count_zscore=-19.0; after_hours_flag=1.0; role_after_hours_deviation=1.0
31176,email_count_zscore=-35.7; role_after_hours_deviation=0.9; after_hours_flag=1.0
31179,session_duration_mins=3.7; role_after_hours_deviation=1.0; after_hours_flag=1.0
31199,files_accessed_count=37.0; usb_events_count=13.0; login_hour=22.0
31220,after_hours_flag=1.0; role_after_hours_deviation=1.0; role_session_duration_mins_zscore=2.3
31585,usb_events_count_zscore=-15.0; unique_domains_visited=0.0; email_count_zscore=-9.4
32114,files_accessed_count=31.0; usb_events_count=11.0; login_hour=22.0
32207,email_ext_recipient_count=39.0; email_count=27.0; files_accessed_count=12.0
32342,role_usb_events_count_zscore=9.2; usb_events_count=7.0; usb_events_count_zscore=3.7
32512,after_hours_flag=1.0; files_accessed_count=16.0; login_hour=18.0
32949,usb_events_count=14.0; files_accessed_count=34.0; after_hours_flag=1.0
33061,session_duration_mins=975.2; session_duration_mins_zscore=7.2; after_hours_flag=1.0
33575,email_ext_recipient_count=53.0; email_count=36.0; unique_domains_visited=67.0
33632,role_after_hours_deviation=1.0; after_hours_flag=1.0; usb_events_count_zscore=4.4
33660,after_hours_flag=1.0; email_count_zscore=5.7; session_duration_mins=978.1
34102,files_accessed_count=35.0; usb_events_count=13.0; login_hour=23.0
34362,files_accessed_count=27.0; email_count_zscore=-15.5; role_email_count_zscore=-7.3
35526,session_duration_mins_zscore=48.8; session_duration_mins=1116.7; role_session_duration_mins_zscore=4.5
35527,role_after_hours_deviation=0.9; email_count_zscore=-19.2; role_email_count_zscore=-8.6
35601,after_hours_flag=1.0; login_hour=20.0; email_count_zscore=-7.9
35898,role_files_accessed_count_zscore=8.5; files_accessed_count=27.0; role_email_count_zscore=-5.3
36235,usb_events_count_zscore=-15.4; files_accessed_count_zscore=-9.7; email_count_zscore=-16.2
36660,role_email_count_zscore=5.6; after_hours_flag=1.0; role_after_hours_deviation=1.0
37013,role_after_hours_deviation=0.9; after_hours_flag=1.0; email_count_zscore=-15.4
37255,session_duration_mins=1036.3; role_session_duration_mins_zscore=3.8; after_hours_flag=1.0
37427,role_after_hours_deviation=1.0; files_accessed_count=27.0; after_hours_flag=1.0
37556,role_after_hours_deviation=1.0; after_hours_flag=1.0; role_usb_events_count_zscore=6.2
37664,files_accessed_count=17.0; usb_events_count_zscore=-3.5; role_email_count_zscore=-5.4
37843,login_hour=21.0; files_accessed_count=28.0; after_hours_flag=1.0
38661,login_hour=20.0; after_hours_flag=1.0; files_accessed_count=20.0
38662,files_accessed_count=38.0; after_hours_flag=1.0; login_hour=1.0
39352,role_after_hours_deviation=1.0; usb_events_count=9.0; after_hours_flag=1.0
39384,role_after_hours_deviation=1.0; after_hours_flag=1.0; files_accessed_count=12.0
39452,files_accessed_count=36.0; login_hour=22.0; after_hours_flag=1.0
39923,role_after_hours_deviation=1.0; after_hours_flag=1.0; role_usb_events_count_zscore=4.5
40016,role_session_duration_mins_zscore=5.0; session_duration_mins=1187.3; role_after_hours_deviation=1.0
40201,login_hour=21.0; email_count_zscore=-18.4; after_hours_flag=1.0
40804,role_session_duration_mins_zscore=5.0; session_duration_mins=1192.8; session_duration_mins_zscore=7.5
40923,session_duration_mins=1037.2; role_after_hours_deviation=1.0; after_hours_flag=1.0
41034,login_hour=23.0; usb_events_count=11.0; after_hours_flag=1.0
41084,role_after_hours_deviation=1.0; after_hours_flag=1.0; role_usb_events_count_zscore=6.2
41426,role_after_hours_deviation=0.9; after_hours_flag=1.0; session_duration_mins=957.6
41539,session_duration_mins_zscore=20.1; files_accessed_count=27.0; role_after_hours_deviation=1.0
41793,files_accessed_count=50.0; usb_events_count=14.0; after_hours_flag=1.0
41981,email_ext_recipient_count=36.0; email_count=23.0; email_count_zscore=-9.3
42105,session_duration_mins=1094.7; role_session_duration_mins_zscore=3.9; after_hours_flag=1.0
42723,email_count_zscore=-16.9; files_accessed_count=21.0; role_email_count_zscore=-5.9
43639,after_hours_flag=1.0; role_email_count_zscore=-7.5; email_count_zscore=-9.9
44170,usb_events_count=14.0; after_hours_flag=1.0; files_accessed_count=20.0
44555,usb_events_count=14.0; files_accessed_count=37.0; after_hours_flag=1.0
44846,email_count_zscore=-18.1; files_accessed_count=24.0; role_email_count_zscore=-7.5
45064,unique_domains_visited=92.0; email_count=27.0; email_ext_recipient_count=28.0
45103,role_usb_events_count_zscore=5.3; role_email_count_zscore=-5.1; role_files_accessed_count_zscore=4.7
45113,session_duration_mins=1061.1; role_session_duration_mins_zscore=4.1; after_hours_flag=1.0
45901,usb_events_count=14.0; files_accessed_count=35.0; after_hours_flag=1.0
46337,session_duration_mins=1292.5; role_session_duration_mins_zscore=5.9; role_usb_events_count_zscore=5.6
46585,files_accessed_count=30.0; usb_events_count=11.0; after_hours_flag=1.0
47208,usb_events_count=9.0; after_hours_flag=1.0; role_after_hours_deviation=1.0
47644,usb_events_count=13.0; login_hour=0.0; files_accessed_count=28.0
48154,usb_events_count=14.0; login_hour=20.0; after_hours_flag=1.0
48609,usb_events_count_zscore=-4.5; files_accessed_count_zscore=-3.5; role_after_hours_deviation=1.0
48611,after_hours_flag=1.0; email_count_zscore=-17.8; role_after_hours_deviation=1.0
48694,files_accessed_count=45.0; usb_events_count=13.0; after_hours_flag=1.0
48905,email_count_zscore=-16.1; login_hour=22.0; after_hours_flag=1.0
49151,email_count_zscore=-15.5; usb_events_count=10.0; files_accessed_count=27.0
49604,role_usb_events_count_zscore=5.6; after_hours_flag=1.0; usb_events_count=9.0
50639,after_hours_flag=1.0; role_after_hours_deviation=1.0; usb_events_count=9.0
51283,role_email_count_zscore=5.6; role_after_hours_deviation=1.0; after_hours_flag=1.0
51506,session_duration_mins=1094.4; after_hours_flag=1.0; role_usb_events_count_zscore=5.5
52012,usb_events_count=14.0; after_hours_flag=1.0; role_usb_events_count_zscore=3.3
52095,session_duration_mins=4.0; unique_domains_visited=0.0; role_email_count_zscore=-6.0
52097,role_after_hours_deviation=-0.9; files_accessed_count=27.0; usb_events_count=10.0
52112,after_hours_flag=1.0; role_usb_events_count_zscore=4.9; role_after_hours_deviation=1.0
52130,session_duration_mins_zscore=-16.4; email_count_zscore=-24.2; role_after_hours_deviation=1.0
52194,usb_events_count_zscore=-4.7; files_accessed_count_zscore=-3.8; session_duration_mins=14.2
52895,login_hour=23.0; files_accessed_count=28.0; after_hours_flag=1.0
53039,files_accessed_count=39.0; usb_events_count=13.0; after_hours_flag=1.0
53166,role_after_hours_deviation=1.0; after_hours_flag=1.0; files_accessed_count=27.0
53763,after_hours_flag=1.0; role_usb_events_count_zscore=6.2; role_after_hours_deviation=1.0
53781,unique_domains_visited=85.0; email_ext_recipient_count=35.0; email_count=27.0
53825,email_count_zscore=-20.7; after_hours_flag=1.0; role_email_count_zscore=-6.0
53829,usb_events_count=12.0; login_hour=22.0; after_hours_flag=1.0
54703,usb_events_count=13.0; files_accessed_count=30.0; after_hours_flag=1.0
55073,role_after_hours_deviation=1.0; session_duration_mins=945.9; after_hours_flag=1.0
55340,session_duration_mins_zscore=12.6; after_hours_flag=1.0; role_session_duration_mins_zscore=3.1
55855,role_usb_events_count_zscore=6.4; usb_events_count=5.0; role_files_accessed_count_zscore=4.5
56071,usb_events_count=13.0; files_accessed_count=30.0; login_hour=22.0
56886,email_ext_recipient_count=44.0; unique_domains_visited=80.0; email_count=27.0
57061,role_after_hours_deviation=1.0; usb_events_count=7.0; after_hours_flag=1.0
57579,files_accessed_count=34.0; usb_events_count=12.0; login_hour=20.0
58682,files_accessed_count_zscore=8.6; login_hour=17.0; usb_events_count=8.0
59009,email_count_zscore=-28.5; role_files_accessed_count_zscore=8.1; role_email_count_zscore=-7.8
59377,role_after_hours_deviation=1.0; after_hours_flag=1.0; session_duration_mins=1011.4
59454,files_accessed_count=25.0; role_after_hours_deviation=1.0; after_hours_flag=1.0
59635,after_hours_flag=1.0; role_after_hours_deviation=1.0; role_usb_events_count_zscore=5.6
59655,email_count_zscore=-19.4; usb_events_count=8.0; role_email_count_zscore=-3.3
59796,usb_events_count=13.0; files_accessed_count=29.0; login_hour=21.0
60021,email_count_zscore=-18.8; files_accessed_count=27.0; role_email_count_zscore=-6.1
60245,role_after_hours_deviation=1.0; after_hours_flag=1.0; email_count_zscore=5.3
60272,role_after_hours_deviation=1.0; after_hours_flag=1.0; role_usb_events_count_zscore=6.2
60376,files_accessed_count=41.0; usb_events_count=12.0; after_hours_flag=1.0
60462,role_after_hours_deviation=0.9; files_accessed_count=27.0; after_hours_flag=1.0
60836,session_duration_mins=1012.6; role_after_hours_deviation=1.0; after_hours_flag=1.0
61593,usb_events_count=13.0; login_hour=23.0; after_hours_flag=1.0
61873,files_accessed_count=49.0; usb_events_count=14.0; after_hours_flag=1.0
63023,usb_events_count=14.0; files_accessed_count=41.0; after_hours_flag=1.0
63257,usb_events_count=14.0; after_hours_flag=1.0; files_accessed_count=21.0
63403,email_count_zscore=-22.6; after_hours_flag=1.0; role_email_count_zscore=-4.6
64060,role_usb_events_count_zscore=5.6; role_after_hours_deviation=1.0; after_hours_flag=1.0
64511,role_after_hours_deviation=1.0; after_hours_flag=1.0; role_files_accessed_count_zscore=3.5
64985,session_duration_mins=1092.0; role_session_duration_mins_zscore=4.4; role_after_hours_deviation=1.0
65007,after_hours_flag=1.0; role_after_hours_deviation=1.0; usb_events_count=9.0
65046,session_duration_mins_zscore=21.9; session_duration_mins=1276.7; role_session_duration_mins_zscore=4.7
65106,session_duration_mins_zscore=-6.9; after_hours_flag=1.0; session_duration_mins=47.9
65116,email_count_zscore=-43.0; session_duration_mins_zscore=-10.5; session_duration_mins=12.6
65117,email_count_zscore=-49.1; after_hours_flag=1.0; role_after_hours_deviation=1.0
65127,role_after_hours_deviation=1.0; after_hours_flag=1.0; login_hour=0.0
65130,email_count_zscore=-20.4; role_after_hours_deviation=1.0; after_hours_flag=1.0
65135,session_duration_mins=10.6; role_after_hours_deviation=1.0; after_hours_flag=1.0
65136,after_hours_flag=1.0; role_after_hours_deviation=1.0; session_duration_mins=51.2
65143,role_after_hours_deviation=1.0; after_hours_flag=1.0; login_hour=0.0
65149,session_duration_mins_zscore=-16.8; session_duration_mins=2.5; role_email_count_zscore=-7.7
65152,session_duration_mins_zscore=-8.8; after_hours_flag=1.0; role_after_hours_deviation=1.0
65154,session_duration_mins_zscore=-16.6; session_duration_mins=35.4; role_session_duration_mins_zscore=-3.8
65159,role_after_hours_deviation=1.0; after_hours_flag=1.0; email_count_zscore=-17.3
65161,email_count_zscore=-29.2; role_after_hours_deviation=1.0; after_hours_flag=1.0
65256,files_accessed_count_zscore=16.2; email_count_zscore=-22.6; role_email_count_zscore=-2.9
65616,files_accessed_count=27.0; role_email_count_zscore=-7.0; role_files_accessed_count_zscore=5.3
65714,files_accessed_count=45.0; usb_events_count=14.0; after_hours_flag=1.0
65899,email_count_zscore=-9.5; files_accessed_count=27.0; email_ext_recipient_count=27.0
65944,role_email_count_zscore=-8.5; files_accessed_count=27.0; usb_events_count=9.0
66050,usb_events_count_zscore=-18.2; after_hours_flag=1.0; role_after_hours_deviation=1.0
66051,role_after_hours_deviation=1.0; after_hours_flag=1.0; files_accessed_count_zscore=-2.7
66052,role_after_hours_deviation=1.0; after_hours_flag=1.0; role_email_count_zscore=-7.8
